{
	"agcgw_all":{
		"CN":"connect-drcn.hispace.hicloud.com",
		"CN_back":"connect-drcn.dbankcloud.cn",
		"DE":"connect-dre.hispace.hicloud.com",
		"DE_back":"connect-dre.dbankcloud.cn",
		"RU":"connect-drru.hispace.hicloud.com",
		"RU_back":"connect-drru.dbankcloud.cn",
		"SG":"connect-dra.hispace.hicloud.com",
		"SG_back":"connect-dra.dbankcloud.cn"
	},
	"client":{
		"cp_id":"2640084000000838923",
		"product_id":"736430079245928472",
		"client_id":"690975434006870848",
		"client_secret":"FCB111416269A3AB529BBDED06E6DEA02F68EEE38EB7A172002EA5838D49C7D9",
		"project_id":"736430079245928472",
		"app_id":"104615461",
		"api_key":"CwEAAAAAlbS80ca1KdF0jq/TVwZeB6cYE+WstSZIeYmBuklMYrzOGghhlAevCfaU0Jk9EJcviMHc32TMUIXjy6SIDx9TEyXts/s=",
		"package_name":"com.huawei.mymusicplayer"
	},
	"oauth_client":{
		"client_id":"104615461",
		"client_type":1
	},
	"app_info":{
		"app_id":"104615461",
		"package_name":"com.huawei.mymusicplayer"
	},
	"configuration_version":"3.0",
	"appInfos":[
		{
			"package_name":"com.huawei.mymusicplayer",
			"client":{
				"app_id":"104615461"
			},
			"app_info":{
				"package_name":"com.huawei.mymusicplayer",
				"app_id":"104615461"
			},
			"oauth_client":{
				"client_type":1,
				"client_id":"104615461"
			}
		}
	]
}